{"cdi_ok":0,"cdi_ko":0,"else_ok":8.145833333333332,"else_ko":65.8125,"else_particulier":26.041666666666668,"else_error":0,"compteur":2880000}