{"cdi_ok":0,"cdi_ko":0,"else_ok":15.965833333333334,"else_ko":57.9925,"else_particulier":26.041666666666668,"else_error":0,"compteur":2880000}